{
  "page": {
    "label": "TRANSLATE.PLUGIN_CONFIGURATION"
  },
  "sections": [
   {
      "id": "lcdcontroller_settings",
      "element": "section",
      "label": "TRANSLATE.TITLE",
      "icon": "fa-plug",
      "onSave": {"type":"controller", "endpoint":"user_interface/lcdcontroller", "method":"saveUIConfig"},
      "saveButton": {
        "label": "TRANSLATE.SAVE",
        "data": [
          "text_split_string",
          "welcome_message_bool",
          "welcome_message_duration",
	  "welcome_message_string_one",
	  "welcome_message_string_two",
	  "welcome_message_string_three",
	  "welcome_message_string_four",
	  "host",
	  "lcd_address"
        ]
      },
      "content": [
        {
          "id": "text_split_string",
          "type":"text",
          "element": "input",
          "doc": "TRANSLATE.TEXTSPLITDOC",
          "label": "TRANSLATE.TEXTSPLITLABEL",
          "value": "|"
        },
	{
          "id":"welcome_message_bool",
          "element": "switch",
          "doc": "TRANSLATE.WELCOMEMESSAGEBOOLDOC",
          "label": "TRANSLATE.WELCOMEMESSAGEBOOLLABEL",
          "value": false
        },
	{
          "id": "welcome_message_duration",
          "type":"text",
          "element": "input",
          "doc": "TRANSLATE.WELCOMEMESSAGEDURATIONDOC",
          "label": "TRANSLATE.WELCOMEMESSAGEDURATIONLABEL",
	  "visibleIf": {"field": "welcome_message_bool", "value": true},
          "value": "2"
        },
        {
          "id": "welcome_message_string_one",
          "type":"text",
          "element": "input",
          "doc": "TRANSLATE.WELCOMEMESSAGEDOC1",
          "label": "TRANSLATE.WELCOMEMESSAGELABEL1",
	  "visibleIf": {"field": "welcome_message_bool", "value": true},
          "value": ""
        },
	{
          "id": "welcome_message_string_two",
          "type":"text",
          "element": "input",
          "doc": "TRANSLATE.WELCOMEMESSAGEDOC2",
          "label": "TRANSLATE.WELCOMEMESSAGELABEL2",
	  "visibleIf": {"field": "welcome_message_bool", "value": true},
          "value": ""
        },
	{
          "id": "welcome_message_string_three",
          "type":"text",
          "element": "input",
          "doc": "TRANSLATE.WELCOMEMESSAGEDOC3",
          "label": "TRANSLATE.WELCOMEMESSAGELABEL3",
	  "visibleIf": {"field": "welcome_message_bool", "value": true},
          "value": ""
        },
	{
          "id": "welcome_message_string_four",
          "type":"text",
          "element": "input",
          "doc": "TRANSLATE.WELCOMEMESSAGEDOC4",
          "label": "TRANSLATE.WELCOMEMESSAGELABEL4",
	  "visibleIf": {"field": "welcome_message_bool", "value": true},
          "value": ""
        },
	{
          "id": "host",
          "type":"text",
          "element": "input",
          "doc": "TRANSLATE.HOSTDOC",
          "label": "TRANSLATE.HOSTLABEL",
          "value": "localhost"
        },
	{
          "id": "lcd_address",
          "type":"text",
          "element": "input",
          "doc": "TRANSLATE.LCDADDRESSDOC",
          "label": "TRANSLATE.LCDADDRESSLABEL",
          "value": "0x3F"
        }
      ]
   }
  ]
}
